End of Period,Credit Number,Region,Country Code,Country,Borrower,Credit Status,Service Charge Rate,Currency of Commitment,Project ID,Project Name,Original Principal Amount,Cancelled Amount,Undisbursed Amount,Disbursed Amount,Repaid to IDA,Due to IDA,Exchange Adjustment,Borrower's Obligation,Sold 3rd Party,Repaid 3rd Party,Due 3rd Party,Credits Held,First Repayment Date,Last Repayment Date,Agreement Signing Date,Board Approval Date,Effective Date (Most Recent),Closed Date (Most Recent),Last Disbursement Date
11/30/2022,IDA00640,EASTERN AND SOUTHERN AFRICA,KE,Kenya,The National Treasury and Planning,Fully Repaid,0.75,USD,P001220,KTDA TEA DEVELOPMENT,3255538.00,592340.65,0.00,2663197.35,2663197.35,0.00,0.00,0.00,0.00,0.00,0.00,0.00,06/01/1974,12/01/2013,08/17/1964,07/21/1964,09/23/1964,09/01/1972,
11/30/2022,IDA00700,EASTERN AND SOUTHERN AFRICA,KE,Kenya,The National Treasury and Planning,Repaying,0.75,USD,P001221,HIGHWAYS I,5428549.50,0.00,0.00,5428549.50,5428549.50,0.00,0.00,0.00,0.00,0.00,0.00,0.00,03/01/1975,09/01/2014,12/29/1964,12/08/1964,03/30/1965,03/31/1969,
11/30/2022,IDA00770,EASTERN AND SOUTHERN AFRICA,KE,Kenya,The National Treasury and Planning,Fully Repaid,0.75,USD,P001222,TEA ROADS,3619033.02,0.00,0.00,3619033.02,3619033.02,0.00,0.00,0.00,0.00,0.00,0.00,0.00,08/01/1975,02/01/2015,06/30/1965,06/22/1965,09/16/1965,03/31/1970,
11/30/2022,IDA00930,EASTERN AND SOUTHERN AFRICA,KE,Kenya,The National Treasury and Planning,Repaying,0.75,USD,P001224,EDUCATION I,8444410.33,0.00,0.00,8444410.33,8444410.33,0.00,0.00,0.00,0.00,0.00,0.00,0.00,08/15/1976,02/15/2016,08/19/1966,08/18/1966,10/03/1966,12/31/1970,
11/30/2022,IDA01040,EASTERN AND SOUTHERN AFRICA,KE,Kenya,The National Treasury and Planning,Fully Repaid,0.75,USD,P001225,AGRICULTURAL ROADS,6387871.45,27883.29,0.00,6359988.16,6359988.16,0.00,0.00,0.00,0.00,0.00,0.00,0.00,09/01/1977,03/01/2017,05/11/1967,05/09/1967,06/19/1967,12/31/1971,
11/30/2022,IDA01050,EASTERN AND SOUTHERN AFRICA,KE,Kenya,The National Treasury and Planning,Fully Repaid,0.75,USD,P001223,AGRICULTURAL CREDIT,4189709.71,0.00,0.00,4189709.71,4189709.71,0.00,0.00,0.00,0.00,0.00,0.00,0.00,07/01/1977,01/01/2017,05/11/1967,05/09/1967,06/30/1967,09/30/1973,
11/30/2022,IDA01190,EASTERN AND SOUTHERN AFRICA,KE,Kenya,The National Treasury and Planning,Fully Repaid,0.75,USD,P001226,KTDA TEA DEVELOPMENT,2124843.85,1979600.05,0.00,145243.80,145243.80,0.00,0.00,0.00,0.00,0.00,0.00,0.00,06/01/1978,12/01/2017,06/17/1968,06/11/1968,10/28/1968,12/31/1973,
11/30/2022,IDA01200,EASTERN AND SOUTHERN AFRICA,KE,Kenya,The National Treasury and Planning,Repaying,0.75,USD,P001227,HIGHWAYS II,12872263.63,0.00,0.00,12872263.63,12872263.63,0.00,0.00,0.00,0.00,0.00,0.00,0.00,09/01/1978,03/01/2018,06/17/1968,06/11/1968,08/05/1968,12/31/1972,
11/30/2022,IDA01290,EASTERN AND SOUTHERN AFRICA,KE,Kenya,The National Treasury and Planning,Fully Repaid,0.75,USD,P001228,LIVESTOCK,3925680.50,0.00,0.00,3925680.50,3925680.50,0.00,0.00,0.00,0.00,0.00,0.00,0.00,09/01/1978,03/01/2018,09/26/1968,08/13/1968,05/01/1969,12/31/1974,
11/30/2022,IDA01850,EASTERN AND SOUTHERN AFRICA,KE,Kenya,The National Treasury and Planning,Fully Repaid,0.75,USD,P001230,EDUCATION II,6225729.69,0.00,0.00,6225729.69,6225729.69,0.00,0.00,0.00,0.00,0.00,0.00,0.00,09/01/1980,03/01/2020,05/20/1970,05/12/1970,08/05/1970,12/31/1977,
11/30/2022,IDA02240,EASTERN AND SOUTHERN AFRICA,KE,Kenya,The National Treasury and Planning,Fully Repaid,0.75,USD,P001233,ROAD,12843192.09,0.00,0.00,12843192.09,12843192.09,0.00,0.00,0.00,0.00,0.00,0.00,0.00,04/01/1981,10/01/2020,12/28/1970,12/22/1970,03/18/1971,12/31/1979,
11/30/2022,IDA02760,EASTERN AND SOUTHERN AFRICA,KE,Kenya,The National Treasury and Planning,Repaying,0.75,USD,P001236,HIGHWAYS IV,22004216.94,0.00,0.00,22004216.94,22004216.94,0.00,0.00,0.00,0.00,0.00,0.00,0.00,07/01/1982,01/01/2022,01/05/1972,12/21/1971,03/22/1972,06/30/1978,
11/30/2022,IDA03440,EASTERN AND SOUTHERN AFRICA,KE,Kenya,The National Treasury and Planning,Fully Repaid,0.75,USD,P001237,AGRICULTURAL CREDIT,6000000.00,0.00,0.00,6000000.00,6000000.00,0.00,0.00,0.00,0.00,0.00,0.00,0.00,02/01/1983,08/01/2022,11/29/1972,11/14/1972,03/02/1973,06/30/1976,
11/30/2022,IDA04680,EASTERN AND SOUTHERN AFRICA,KE,Kenya,The National Treasury and Planning,Repaying,0.75,USD,P001241,POPULATION I,12000000.00,0.00,0.00,12000000.00,11460000.00,540000.00,0.00,540000.00,0.00,0.00,0.00,540000.00,08/01/1984,02/01/2024,04/01/1974,03/19/1974,07/31/1974,12/31/1979,
11/30/2022,IDA04770,EASTERN AND SOUTHERN AFRICA,KE,Kenya,The National Treasury and Planning,Repaying,0.75,USD,P001238,LIVESTOCK II,21500000.00,9019200.17,0.00,12480799.83,11920244.00,560555.83,0.00,560555.83,0.00,0.00,0.00,560555.83,08/01/1984,02/01/2024,06/05/1974,05/28/1974,12/02/1974,12/31/1982,
11/30/2022,IDA05370,EASTERN AND SOUTHERN AFRICA,KE,Kenya,The National Treasury and Planning,Repaying,0.75,USD,P001243,GROUP FARM REHAB CRE,7500000.00,2327765.00,0.00,5172235.00,4784285.00,387950.00,0.00,387950.00,0.00,0.00,0.00,387950.00,08/01/1985,02/01/2025,03/26/1975,03/11/1975,09/30/1975,12/31/1982,
11/30/2022,IDA05430,EASTERN AND SOUTHERN AFRICA,KE,Kenya,The National Treasury and Planning,Repaying,0.75,USD,P001247,NAIROBI URBAN DEVT.,8000000.00,0.00,0.00,8000000.00,7400000.00,600000.00,0.00,600000.00,0.00,0.00,0.00,600000.00,10/15/1985,04/15/2025,05/06/1975,04/29/1975,09/25/1975,06/30/1980,
11/30/2022,IDA05650,EASTERN AND SOUTHERN AFRICA,KE,Kenya,The National Treasury and Planning,Repaying,0.75,USD,P001244,FORESTRY II,10000000.00,0.00,0.00,10000000.00,9250000.00,750000.00,0.00,750000.00,0.00,0.00,0.00,750000.00,10/01/1985,04/01/2025,06/27/1975,06/19/1975,09/25/1975,12/31/1981,
11/30/2022,IDA06500,EASTERN AND SOUTHERN AFRICA,KE,Kenya,The National Treasury and Planning,Repaying,0.75,USD,P001253,INTEGRATED AGRIC DEV,10000000.00,3333925.91,0.00,6666074.09,5970000.00,696074.09,0.00,696074.09,0.00,0.00,0.00,696074.09,07/15/1986,01/15/2026,07/09/1976,07/01/1976,03/15/1977,12/31/1981,
11/30/2022,IDA06510,EASTERN AND SOUTHERN AFRICA,KE,Kenya,The National Treasury and Planning,Repaying,0.75,USD,P001258,RURAL ACCESS ROADS,4000000.00,0.00,0.00,4000000.00,3580000.00,420000.00,0.00,420000.00,0.00,0.00,0.00,420000.00,09/15/1986,03/15/2026,07/09/1976,07/01/1976,10/07/1976,06/30/1983,
11/30/2022,IDA06920,EASTERN AND SOUTHERN AFRICA,KE,Kenya,The National Treasury and Planning,Repaying,0.75,USD,P001252,THIRD AGRICL. CREDIT,20000000.00,1348379.33,0.00,18651620.67,16133800.00,2517820.67,0.00,2517820.67,0.00,0.00,0.00,2517820.67,09/15/1987,03/15/2027,04/15/1977,03/29/1977,09/14/1977,12/31/1981,
11/30/2022,IDA07220,EASTERN AND SOUTHERN AFRICA,KE,Kenya,The National Treasury and Planning,Repaying,0.75,USD,P001255,BURA IRRIG. SETTLEME,6000000.00,0.00,0.00,6000000.00,5190000.00,810000.00,0.00,810000.00,0.00,0.00,0.00,810000.00,11/15/1987,05/15/2027,06/22/1977,06/07/1977,06/27/1978,06/30/1984,
11/30/2022,IDA07500,EASTERN AND SOUTHERN AFRICA,KE,Kenya,The National Treasury and Planning,Repaying,0.75,USD,P001259,SMALL SCALE INDUSTRY,10000000.00,4933031.51,0.00,5066968.49,4306880.00,760088.49,0.00,760088.49,0.00,0.00,0.00,760088.49,04/01/1988,10/01/2027,11/28/1977,11/22/1977,06/26/1978,09/30/1986,
11/30/2022,IDA07910,EASTERN AND SOUTHERN AFRICA,KE,Kenya,The National Treasury and Planning,Repaying,0.75,USD,P001261,URBAN DEVELOPMENT II,25000000.00,0.00,0.00,25000000.00,20875000.00,4125000.00,0.00,4125000.00,0.00,0.00,0.00,4125000.00,09/15/1988,03/15/2028,05/05/1978,04/18/1978,10/03/1978,12/31/1986,
11/30/2022,IDA07970,EASTERN AND SOUTHERN AFRICA,KE,Kenya,The National Treasury and Planning,Repaying,0.75,USD,P001260,EDUCATION-IV,23000000.00,3826485.88,0.00,19173514.12,16009838.00,3163676.12,0.00,3163676.12,0.00,0.00,0.00,3163676.12,09/15/1988,03/15/2028,06/07/1978,05/09/1978,08/25/1978,12/31/1984,
11/30/2022,IDA08580,EASTERN AND SOUTHERN AFRICA,KE,Kenya,The National Treasury and Planning,Repaying,0.75,USD,P001263,NAROK MIXED FARMING,13000000.00,9800287.29,0.00,3199712.71,2623720.00,575992.71,0.00,575992.71,0.00,0.00,0.00,575992.71,05/15/1989,11/15/2028,12/20/1978,12/05/1978,06/28/1979,12/31/1983,
11/30/2022,IDA09140,EASTERN AND SOUTHERN AFRICA,KE,Kenya,The National Treasury and Planning,Repaying,0.75,USD,P001265,SMALLHOLDER COFFEE I,27000000.00,16502898.10,0.00,10497101.90,8450065.00,2047036.90,0.00,2047036.90,0.00,0.00,0.00,2047036.90,11/15/1989,05/15/2029,06/11/1979,05/22/1979,04/03/1980,03/31/1987,
11/30/2022,IDA09590,EASTERN AND SOUTHERN AFRICA,KE,Kenya,The National Treasury and Planning,Repaying,0.75,USD,P001270,INTEGRATED AGRIC DEV,46000000.00,40666405.28,0.00,5333594.72,4213478.00,1120116.72,0.00,1120116.72,0.00,0.00,0.00,1120116.72,02/15/1990,08/15/2029,04/23/1980,12/04/1979,07/02/1980,04/30/1986,
11/30/2022,IDA09620,EASTERN AND SOUTHERN AFRICA,KE,Kenya,The National Treasury and Planning,Repaying,0.75,USD,P001271,BARINGO SEMI-ARID AR,6500000.00,2500000.00,0.00,4000000.00,3159954.00,840046.00,0.00,840046.00,0.00,0.00,0.00,840046.00,01/15/1990,07/15/2029,03/12/1980,12/11/1979,06/10/1980,08/31/1987,07/31/1987
11/30/2022,IDA09990,EASTERN AND SOUTHERN AFRICA,KE,Kenya,The National Treasury and Planning,Repaying,0.75,USD,P001274,STRUCTURAL ADJUST. C,55000000.00,0.00,0.00,55000000.00,43450000.00,11550000.00,0.00,11550000.00,0.00,0.00,0.00,11550000.00,04/01/1990,10/01/2029,04/10/1980,03/25/1980,06/09/1980,12/31/1980,
11/30/2022,IDA10450,EASTERN AND SOUTHERN AFRICA,KE,Kenya,The National Treasury and Planning,Repaying,0.75,USD,P001276,TECH ASSIST I,4500000.00,3740321.30,0.00,759678.70,588735.00,170943.70,0.00,170943.70,0.00,0.00,0.00,170943.70,07/15/1990,01/15/2030,07/14/1980,06/12/1980,10/15/1980,06/30/1985,
11/30/2022,IDA10510,EASTERN AND SOUTHERN AFRICA,KE,Kenya,The National Treasury and Planning,Repaying,0.75,USD,P001272,FISHERIES I,10000000.00,9772800.62,0.00,227199.38,176015.00,51184.38,0.00,51184.38,0.00,0.00,0.00,51184.38,08/15/1990,02/15/2030,07/14/1980,06/24/1980,10/09/1980,09/30/1987,06/22/1987
11/30/2022,IDA11070,EASTERN AND SOUTHERN AFRICA,KE,Kenya,The National Treasury and Planning,Repaying,0.75,XDR,P001278,EDUCATION V,40000000.00,1276394.52,0.00,38289767.90,32729511.09,10188635.07,0.00,10188635.07,0.00,0.00,0.00,10188635.07,08/01/1991,02/01/2031,05/07/1981,03/17/1981,07/30/1981,09/30/1991,05/14/1992
11/30/2022,IDA11430,EASTERN AND SOUTHERN AFRICA,KE,Kenya,The National Treasury and Planning,Repaying,0.75,XDR,P001277,AGR.CREDIT IV,10000000.00,0.00,0.00,8245112.88,8829801.00,2749330.44,0.00,2749330.44,0.00,0.00,0.00,2749330.44,08/01/1991,02/01/2031,12/10/1981,05/19/1981,08/13/1982,12/31/1985,
11/30/2022,IDA12130,EASTERN AND SOUTHERN AFRICA,KE,Kenya,The National Treasury and Planning,Repaying,0.75,XDR,P001281,FORESTRY III,16000000.00,0.00,0.00,14957411.02,14087930.75,5096319.84,0.00,5096319.84,0.00,0.00,0.00,5096319.84,09/01/1992,03/01/2032,08/27/1982,03/02/1982,05/31/1983,12/31/1987,
11/30/2022,IDA12370,EASTERN AND SOUTHERN AFRICA,KE,Kenya,The National Treasury and Planning,Repaying,0.75,XDR,P001280,COTTON PROC. & MKTG.,22000000.00,1959170.76,0.00,21708136.64,17648425.17,6383529.59,0.00,6383529.59,0.00,0.00,0.00,6383529.59,08/15/1992,02/15/2032,03/01/1983,04/27/1982,05/31/1983,06/30/1991,06/19/1991
11/30/2022,IDA12380,EASTERN AND SOUTHERN AFRICA,KE,Kenya,The National Treasury and Planning,Repaying,0.75,XDR,P001284,POPULATION II,23000000.00,839419.58,0.00,23613180.02,20472573.49,7398815.95,0.00,7398815.95,0.00,0.00,0.00,7398815.95,10/01/1992,04/01/2032,08/27/1982,05/04/1982,02/09/1983,12/31/1990,04/02/1993
11/30/2022,IDA12760,EASTERN AND SOUTHERN AFRICA,KE,Kenya,The National Treasury and Planning,Repaying,0.75,XDR,P001286,STRUC.ADJ.CRED.II,70000000.00,0.00,0.00,67599327.47,65204607.41,23570479.26,0.00,23570479.26,0.00,0.00,0.00,23570479.26,10/01/1992,04/01/2032,07/21/1982,07/01/1982,08/27/1982,12/31/1983,
11/30/2022,IDA12770,EASTERN AND SOUTHERN AFRICA,KE,Kenya,The National Treasury and Planning,Repaying,0.75,XDR,P001289,AGRI TAS,6000000.00,0.00,0.00,6026652.35,5591895.24,2023538.76,0.00,2023538.76,0.00,0.00,0.00,2023538.76,09/01/1992,03/01/2032,07/21/1982,07/01/1982,10/19/1982,11/30/1986,
11/30/2022,IDA13870,EASTERN AND SOUTHERN AFRICA,KE,Kenya,The National Treasury and Planning,Repaying,0.75,XDR,P001285,NATIONAL EXTENSION,15000000.00,1852042.82,0.00,14457168.38,12119254.29,5046263.43,0.00,5046263.43,0.00,0.00,0.00,5046263.43,09/01/1993,03/01/2033,09/22/1983,06/14/1983,12/22/1983,06/30/1991,11/27/1991
11/30/2022,IDA13900,EASTERN AND SOUTHERN AFRICA,KE,Kenya,The National Treasury and Planning,Repaying,0.75,XDR,P001288,URBAN (SEC.TOWNS),22000000.00,8304819.36,0.00,14713231.73,12658945.82,5259720.93,0.00,5259720.93,0.00,0.00,0.00,5259720.93,09/15/1993,03/15/2033,09/22/1983,06/16/1983,03/19/1984,12/31/1990,06/23/1993
11/30/2022,IDA14860,EASTERN AND SOUTHERN AFRICA,KE,Kenya,The National Treasury and Planning,Repaying,0.75,XDR,P001290,ENERGY EGR GEO,24500000.00,1029.23,0.00,30044046.54,22024748.67,10478617.38,0.00,10478617.38,0.00,0.00,0.00,10478617.38,07/01/1994,01/01/2034,09/28/1984,05/29/1984,03/19/1985,12/31/1989,09/21/1990
11/30/2022,IDA15660,EASTERN AND SOUTHERN AFRICA,KE,Kenya,The National Treasury and Planning,Repaying,0.75,XDR,P001295,NAIROBI WATER EGR,6000000.00,36186.56,0.00,7433871.05,5593233.58,3038571.86,0.00,3038571.86,0.00,0.00,0.00,3038571.86,08/15/1995,02/15/2035,04/15/1985,03/26/1985,08/15/1985,06/30/1991,11/18/1991
11/30/2022,IDA16730,EASTERN AND SOUTHERN AFRICA,KE,Kenya,The National Treasury and Planning,Repaying,0.75,XDR,P001301,EDUC.VI,37500000.00,0.00,0.00,48559282.46,30243038.53,18637857.00,0.00,18637857.00,0.00,0.00,0.00,18637857.00,08/15/1996,02/15/2036,07/11/1986,03/27/1986,02/24/1987,12/31/1994,05/11/1995
11/30/2022,IDA16750,EASTERN AND SOUTHERN AFRICA,KE,Kenya,The National Treasury and Planning,Repaying,0.75,XDR,P001321,PETROLEUM EXP. T.A.,6000000.00,10459.84,0.00,7371197.67,4742790.31,2923709.53,0.00,2923709.53,0.00,0.00,0.00,2923709.53,08/15/1996,02/15/2036,07/11/1986,03/27/1986,11/25/1986,12/31/1993,01/31/1995
11/30/2022,IDA17170,EASTERN AND SOUTHERN AFRICA,KE,Kenya,The National Treasury and Planning,Repaying,0.75,XDR,P001305,AGRI.SECTOR,20000000.00,2.00,0.00,23205044.44,15223127.78,9372179.52,0.00,9372179.52,0.00,0.00,0.00,9372179.52,07/15/1996,01/15/2036,02/10/1987,06/23/1986,03/30/1987,06/30/1988,11/10/1988
11/30/2022,IDA17180,EASTERN AND SOUTHERN AFRICA,KE,Kenya,The National Treasury and Planning,Repaying,0.75,XDR,P001304,AGR. SECTOR MGT.,11500000.00,351896.80,0.00,13185007.58,8541543.39,5265419.88,0.00,5265419.88,0.00,0.00,0.00,5265419.88,08/15/1996,02/15/2036,02/10/1987,06/23/1986,03/30/1987,12/31/1992,06/23/1993
11/30/2022,IDA17380,EASTERN AND SOUTHERN AFRICA,KE,Kenya,The National Treasury and Planning,Repaying,0.75,XDR,P001315,SSE II,6000000.00,4831102.30,0.00,1503233.52,950658.11,624073.61,0.00,624073.61,0.00,0.00,0.00,624073.61,02/15/1997,08/15/2036,11/07/1986,10/21/1986,04/14/1987,12/31/1994,09/11/1992
11/30/2022,IDA17580,EASTERN AND SOUTHERN AFRICA,KE,Kenya,The National Treasury and Planning,Repaying,0.75,XDR,P001330,ANIMAL HEALTH SERV.,15000000.00,5156541.65,0.00,11377233.28,6840566.16,4766803.93,0.00,4766803.93,0.00,0.00,0.00,4766803.93,07/15/1997,01/15/2037,03/06/1987,02/17/1987,12/30/1987,12/31/1993,06/16/1994
11/30/2022,IDA18200,EASTERN AND SOUTHERN AFRICA,KE,Kenya,The National Treasury and Planning,Repaying,0.75,XDR,P001299,RWYS. II,28000000.00,2751382.66,0.00,26295206.36,16118740.67,11243453.33,0.00,11243453.33,0.00,0.00,0.00,11243453.33,08/15/1997,02/15/2037,09/24/1987,06/11/1987,04/19/1988,12/31/1995,01/25/1996
11/30/2022,IDA18490,EASTERN AND SOUTHERN AFRICA,KE,Kenya,The National Treasury and Planning,Repaying,0.75,XDR,P001297,AGRI.RESEARCH,19600000.00,764480.73,0.00,21120347.10,21559032.41,-0.01,0.00,-0.01,0.00,0.00,0.00,-0.01,01/15/1998,07/15/2022,05/13/1988,10/20/1987,08/11/1988,06/30/1995,12/26/1995
11/30/2022,IDA19040,EASTERN AND SOUTHERN AFRICA,KE,Kenya,The National Treasury and Planning,Repaying,0.75,XDR,P001302,POPULATION III,12200000.00,289959.20,0.00,12569491.37,12384965.83,288892.27,0.00,288892.27,0.00,0.00,0.00,288892.27,08/15/1998,02/15/2023,10/24/1988,05/10/1988,01/31/1989,06/30/1996,12/09/1996
11/30/2022,IDA19270,EASTERN AND SOUTHERN AFRICA,KE,Kenya,The National Treasury and Planning,Repaying,0.75,XDR,P001298,INDUS.SECT.OPER.,102000000.00,0.00,0.00,94772779.85,103746916.66,2419305.60,0.00,2419305.60,0.00,0.00,0.00,2419305.60,08/15/1998,02/15/2023,07/01/1988,06/21/1988,08/11/1988,04/30/1990,12/07/1989
11/30/2022,IDA19271,EASTERN AND SOUTHERN AFRICA,KE,Kenya,The National Treasury and Planning,Repaying,0.75,XDR,P001298,INDUS.SECT.OPER.,53700000.00,0.00,0.00,53739483.80,58360757.76,1360859.40,0.00,1360859.40,0.00,0.00,0.00,1360859.40,08/15/1998,02/15/2023,03/17/1989,03/13/1989,03/23/1989,04/30/1990,05/01/1989
11/30/2022,IDA19730,EASTERN AND SOUTHERN AFRICA,KE,Kenya,The National Treasury and Planning,Repaying,0.75,XDR,P001314,GEOTHERMAL DEVELOPME,40700000.00,2837286.06,0.00,40976713.38,40384221.32,1932655.50,0.00,1932655.50,0.00,0.00,0.00,1932655.50,01/15/1999,07/15/2023,02/13/1989,12/22/1988,11/14/1989,04/30/1996,10/04/1996
11/30/2022,IDA19740,EASTERN AND SOUTHERN AFRICA,KE,Kenya,The National Treasury and Planning,Repaying,0.75,XDR,P001317,RURAL SERVICES,20800000.00,109006.10,0.00,21875168.19,21175110.23,1013685.75,0.00,1013685.75,0.00,0.00,0.00,1013685.75,01/15/1999,07/15/2023,03/06/1989,12/22/1988,09/01/1989,12/31/1994,06/06/1995
11/30/2022,IDA20490,EASTERN AND SOUTHERN AFRICA,KE,Kenya,The National Treasury and Planning,Repaying,0.75,XDR,P001310,FINANCIAL SEC.OPERATION,120000000.00,0.00,0.00,123562207.70,124135387.72,9161147.70,0.00,9161147.70,0.00,0.00,0.00,9161147.70,09/01/1999,03/01/2024,07/12/1989,06/27/1989,07/31/1989,09/30/1991,11/05/1991
11/30/2022,IDA20491,EASTERN AND SOUTHERN AFRICA,KE,Kenya,The National Treasury and Planning,Repaying,0.75,XDR,P001310,FINANCIAL SEC.OPERATION,44000000.00,0.00,0.00,45006684.59,47169296.42,3481038.90,0.00,3481038.90,0.00,0.00,0.00,3481038.90,09/01/1999,03/01/2024,10/18/1989,10/12/1989,11/15/1989,09/30/1991,03/12/1990
11/30/2022,IDA20492,EASTERN AND SOUTHERN AFRICA,KE,Kenya,The National Treasury and Planning,Repaying,0.75,XDR,P001310,FINANCIAL SEC.OPERATION,67300000.00,0.00,0.00,69599827.54,64415692.06,4753146.60,0.00,4753146.60,0.00,0.00,0.00,4753146.60,09/01/1999,03/01/2024,11/08/1990,11/06/1990,11/20/1990,09/30/1991,03/01/1991
11/30/2022,IDA20580,EASTERN AND SOUTHERN AFRICA,KE,Kenya,The National Treasury and Planning,Repaying,0.75,XDR,P001350,TA,5000000.00,3971831.49,0.00,1064243.74,1063251.96,78519.71,0.00,78519.71,0.00,0.00,0.00,78519.71,09/01/1999,03/01/2024,07/12/1989,07/11/1989,09/06/1989,06/30/1994,11/10/1994
11/30/2022,IDA20600,EASTERN AND SOUTHERN AFRICA,KE,Kenya,The National Treasury and Planning,Repaying,0.75,XDR,P001340,3RD NAIROBI W/S PROJ,64800000.00,1660161.09,0.00,67410357.70,63926307.53,4717898.77,0.00,4717898.77,0.00,0.00,0.00,4717898.77,10/01/1999,04/01/2024,08/15/1989,07/25/1989,03/15/1990,06/30/1998,02/03/1999
11/30/2022,IDA20620,EASTERN AND SOUTHERN AFRICA,KE,Kenya,The National Treasury and Planning,Repaying,0.75,XDR,P001325,COFFEE II,46800000.00,4804746.18,0.00,45835140.03,34094232.08,12058088.18,0.00,12058088.18,0.00,0.00,0.00,12058088.18,01/15/2000,07/15/2029,10/16/1989,09/12/1989,08/01/1990,06/30/1998,04/22/1999
11/30/2022,IDA21100,EASTERN AND SOUTHERN AFRICA,KE,Kenya,The National Treasury and Planning,Repaying,0.75,XDR,P001312,POPULATION IV,35000000.00,7230773.54,0.00,28603996.41,21105207.96,8230951.22,0.00,8230951.22,0.00,0.00,0.00,8230951.22,09/15/2000,03/15/2030,05/21/1990,03/27/1990,09/25/1990,06/30/1998,02/03/1999
11/30/2022,IDA21470,EASTERN AND SOUTHERN AFRICA,KE,Kenya,The National Treasury and Planning,Repaying,0.75,XDR,P001357,TA-DFI RES/EXP PROM,6000000.00,2712043.14,0.00,3647393.06,2608553.85,1015965.31,0.00,1015965.31,0.00,0.00,0.00,1015965.31,08/01/2000,02/01/2030,06/18/1990,05/31/1990,08/22/1990,06/30/1994,11/14/1994
11/30/2022,IDA21970,EASTERN AND SOUTHERN AFRICA,KE,Kenya,The National Treasury and Planning,Repaying,0.75,XDR,P001352,EXPORT DEVELOPMENT,100000000.00,79630.58,0.00,99085793.45,68283379.71,29218775.19,0.00,29218775.19,0.00,0.00,0.00,29218775.19,04/15/2001,10/15/2030,12/21/1990,12/20/1990,12/31/1990,06/30/1995,10/13/1995
11/30/2022,IDA21971,EASTERN AND SOUTHERN AFRICA,KE,Kenya,The National Treasury and Planning,Repaying,0.75,XDR,P001352,EXPORT DEVELOPMENT,49200000.00,0.00,0.00,53010010.35,36675298.32,15693930.24,0.00,15693930.24,0.00,0.00,0.00,15693930.24,04/15/2001,10/15/2030,07/09/1992,11/26/1991,10/09/1992,07/09/1993,07/01/1993
11/30/2022,IDA21980,EASTERN AND SOUTHERN AFRICA,KE,Kenya,The National Treasury and Planning,Repaying,0.75,XDR,P001322,FOREST DEVELOPMENT,19900000.00,2685936.72,0.00,17246338.01,11824477.58,5059090.73,0.00,5059090.73,0.00,0.00,0.00,5059090.73,04/15/2001,10/15/2030,02/21/1991,12/20/1990,10/30/1992,01/31/1998,07/10/1998
11/30/2022,IDA21990,EASTERN AND SOUTHERN AFRICA,KE,Kenya,The National Treasury and Planning,Repaying,0.75,XDR,P001300,AG.NATL.EXT.II,24900000.00,8396766.69,0.00,16067825.91,11339820.63,4852274.89,0.00,4852274.89,0.00,0.00,0.00,4852274.89,01/15/2001,07/15/2030,02/21/1991,12/20/1990,12/27/1991,06/30/1998,01/12/1999
11/30/2022,IDA22040,EASTERN AND SOUTHERN AFRICA,KE,Kenya,The National Treasury and Planning,Repaying,0.75,XDR,P001326,AG.SECTOR ADJUST. II,75000000.00,37844190.40,0.00,34527936.35,25429477.90,10880847.29,0.00,10880847.29,0.00,0.00,0.00,10880847.29,03/15/2001,09/15/2030,02/21/1991,01/17/1991,05/21/1991,06/30/1996,12/06/1996
11/30/2022,IDA22950,EASTERN AND SOUTHERN AFRICA,KE,Kenya,The National Treasury and Planning,Repaying,0.75,XDR,P001327,EDUCATION SECT.ADJ.C,100000000.00,0.00,0.00,106813307.43,72463409.05,33930761.04,0.00,33930761.04,0.00,0.00,0.00,33930761.04,09/15/2001,03/15/2031,09/13/1991,09/05/1991,09/27/1991,03/10/1995,03/24/1995
11/30/2022,IDA22951,EASTERN AND SOUTHERN AFRICA,KE,Kenya,The National Treasury and Planning,Repaying,0.75,XDR,P001327,EDUCATION SECT.ADJ.C,52140000.00,0.00,0.00,51963560.27,35916062.34,16817855.47,0.00,16817855.47,0.00,0.00,0.00,16817855.47,09/15/2001,03/15/2031,03/01/1993,12/23/1992,04/22/1993,03/01/1994,01/25/1994
11/30/2022,IDA22952,EASTERN AND SOUTHERN AFRICA,KE,Kenya,The National Treasury and Planning,Repaying,0.75,XDR,P001327,EDUCATION SECT.ADJ.C,42190000.00,0.00,0.00,44660547.19,28960446.85,13558893.05,0.00,13558893.05,0.00,0.00,0.00,13558893.05,09/15/2001,03/15/2031,03/10/1994,01/14/1994,06/08/1994,03/10/1995,02/17/1995
11/30/2022,IDA23090,EASTERN AND SOUTHERN AFRICA,KE,Kenya,The National Treasury and Planning,Repaying,0.75,XDR,P001362,UNIVERSITIES,55000000.00,3777935.98,0.00,53972639.49,35613673.80,18206233.85,0.00,18206233.85,0.00,0.00,0.00,18206233.85,05/01/2002,11/01/2031,12/11/1991,11/14/1991,04/29/1992,04/30/1999,08/07/2001
11/30/2022,IDA23100,EASTERN AND SOUTHERN AFRICA,KE,Kenya,The National Treasury and Planning,Repaying,0.75,XDR,P001339,HEALTH REHABILITATIO,31000000.00,3007290.84,0.00,27104299.05,18064065.49,9232405.91,0.00,9232405.91,0.00,0.00,0.00,9232405.91,02/15/2002,08/15/2031,12/11/1991,11/14/1991,07/07/1992,06/30/1998,02/23/1999
11/30/2022,IDA23330,EASTERN AND SOUTHERN AFRICA,KE,Kenya,The National Treasury and Planning,Repaying,0.75,XDR,P001361,MOMBASA WATER II ENG,43200000.00,182364.17,0.00,45168288.12,28465284.12,15821475.92,0.00,15821475.92,0.00,0.00,0.00,15821475.92,07/01/2002,01/01/2032,03/13/1992,02/11/1992,09/10/1992,12/31/1998,12/09/1999
11/30/2022,IDA23340,EASTERN AND SOUTHERN AFRICA,KE,Kenya,The National Treasury and Planning,Repaying,0.75,XDR,P001345,WILDLIFE SERVICES PR,60500000.00,3787255.65,0.00,60136957.34,38863730.18,19878291.31,0.00,19878291.31,0.00,0.00,0.00,19878291.31,04/01/2002,10/01/2031,03/30/1992,02/11/1992,07/08/1992,06/30/1999,01/12/2000
11/30/2022,IDA24400,EASTERN AND SOUTHERN AFRICA,KE,Kenya,The National Treasury and Planning,Repaying,0.75,XDR,P001348,PARASTATAL REFORM TA,23320000.00,1390534.37,0.00,21115104.48,13149996.91,7962700.88,0.00,7962700.88,0.00,0.00,0.00,7962700.88,03/01/2003,09/01/2032,12/28/1992,12/08/1992,03/15/1994,06/30/2000,10/01/2001
11/30/2022,IDA24450,EASTERN AND SOUTHERN AFRICA,KE,Kenya,The National Treasury and Planning,Repaying,0.75,XDR,P001342,AGRIC. SECT. MNGT. I,19400000.00,5574481.98,0.00,14121113.90,8548244.10,5172458.07,0.00,5172458.07,0.00,0.00,0.00,5172458.07,03/01/2003,09/01/2032,03/01/1993,12/15/1992,09/29/1993,06/30/1998,01/12/1999
11/30/2022,IDA24600,EASTERN AND SOUTHERN AFRICA,KE,Kenya,The National Treasury and Planning,Repaying,0.75,XDR,P001369,DROUGHT RECOVERY,20000000.00,2191377.85,0.00,18890138.10,10933465.04,7179235.69,0.00,7179235.69,0.00,0.00,0.00,7179235.69,08/15/2003,02/15/2033,03/01/1993,02/23/1993,04/28/1993,06/30/1997,06/29/1999
11/30/2022,IDA25960,EASTERN AND SOUTHERN AFRICA,KE,Kenya,The National Treasury and Planning,Repaying,0.75,XDR,P001353,MICRO & SMALL ENTERP,21830000.00,10098762.90,0.00,11278015.06,6591012.22,5103011.91,0.00,5103011.91,0.00,0.00,0.00,5103011.91,09/01/2004,03/01/2034,05/25/1994,04/05/1994,11/28/1994,12/31/2002,12/10/2003
11/30/2022,IDA26710,EASTERN AND SOUTHERN AFRICA,KE,Kenya,The National Treasury and Planning,Repaying,0.75,XDR,P001367,INST. DEVELOPMENT,25350000.00,6683622.15,0.00,17599390.43,9537943.30,7993290.75,0.00,7993290.75,0.00,0.00,0.00,7993290.75,02/01/2005,08/01/2034,01/30/1995,12/20/1994,04/18/1995,06/30/2000,04/12/2001
11/30/2022,IDA26860,EASTERN AND SOUTHERN AFRICA,KE,Kenya,The National Treasury and Planning,Repaying,0.75,XDR,P001333,SEXUALLY TRANSMITTED Infections Project,40000000.00,1334932.62,0.00,36678750.08,19383765.84,17602807.28,0.00,17602807.28,0.00,0.00,0.00,17602807.28,08/01/2005,02/01/2035,05/22/1995,03/14/1995,08/07/1995,06/30/2001,11/02/2001
11/30/2022,IDA27970,EASTERN AND SOUTHERN AFRICA,KE,Kenya,The National Treasury and Planning,Repaying,0.75,XDR,P001331,KE-Arid Lands Res Mgmt Prj (FY96),22000000.00,383868.92,0.00,19242495.26,10108519.28,9942466.26,0.00,9942466.26,0.00,0.00,0.00,9942466.26,02/01/2006,08/01/2035,02/13/1996,12/14/1995,07/12/1996,06/30/2003,11/25/2003
11/30/2022,IDA28110,EASTERN AND SOUTHERN AFRICA,KE,Kenya,The National Treasury and Planning,Repaying,0.75,XDR,P001319,KE-Urb Transp (FY96),115000000.00,27091890.19,0.00,78437114.87,41410409.08,39911942.55,0.00,39911942.55,0.00,0.00,0.00,39911942.55,02/01/2006,08/01/2035,02/13/1996,01/30/1996,06/27/1996,06/30/2005,10/12/2006
11/30/2022,IDA28120,EASTERN AND SOUTHERN AFRICA,KE,Kenya,The National Treasury and Planning,Repaying,0.75,XDR,P035691,KE - NAIROBI MOMBASA ROAD,50000000.00,3878594.46,0.00,42129355.93,21832978.26,21387367.27,0.00,21387367.27,0.00,0.00,0.00,21387367.27,03/01/2006,09/01/2035,02/13/1996,01/30/1996,04/11/1997,10/31/2005,12/08/2005
11/30/2022,IDA28840,EASTERN AND SOUTHERN AFRICA,KE,Kenya,The National Treasury and Planning,Repaying,0.75,XDR,P001334,SAC I,90000000.00,45000000.00,0.00,44528136.00,20525928.97,21939463.63,0.00,21939463.63,0.00,0.00,0.00,21939463.63,10/01/2006,04/01/2036,06/20/1996,06/18/1996,06/24/1996,06/30/1998,06/26/1996
11/30/2022,IDA28841,EASTERN AND SOUTHERN AFRICA,KE,Kenya,The National Treasury and Planning,Repaying,0.75,XDR,P001334,SAC I,36800000.00,0.00,0.00,35305480.00,16274642.18,17395333.20,0.00,17395333.20,0.00,0.00,0.00,17395333.20,10/01/2006,04/01/2036,06/20/1996,06/18/1996,06/24/1996,06/20/1997,06/26/1996
11/30/2022,IDA28842,EASTERN AND SOUTHERN AFRICA,KE,Kenya,The National Treasury and Planning,Fully Cancelled,0.75,XDR,P001334,SAC I,26600000.00,26600000.00,0.00,0.00,0.00,0.00,0.00,0.00,0.00,0.00,0.00,0.00,10/01/2006,04/01/2036,06/19/1997,11/14/1996,09/15/1997,06/19/1998,
11/30/2022,IDA28843,EASTERN AND SOUTHERN AFRICA,KE,Kenya,The National Treasury and Planning,Terminated,0,XDR,P001334,SAC I,17500000.00,17500000.00,0.00,0.00,0.00,0.00,0.00,0.00,0.00,0.00,0.00,0.00,10/01/2006,04/01/2036,,12/15/1997,12/15/1997,06/30/1998,
11/30/2022,IDA29070,EASTERN AND SOUTHERN AFRICA,KE,Kenya,The National Treasury and Planning,Repaying,0.75,XDR,P046838,KE-Lake Victoria Env Prj (FY97),12800000.00,4199925.31,0.00,7954349.22,3979095.56,4245720.17,0.00,4245720.17,0.00,0.00,0.00,4245720.17,09/01/2006,03/01/2036,09/10/1996,07/30/1996,03/05/1997,12/31/2002,08/05/2003
11/30/2022,IDA29350,EASTERN AND SOUTHERN AFRICA,KE,Kenya,The National Treasury and Planning,Repaying,0.75,XDR,P001354,KE: NARP II,39700000.00,0.00,0.00,36587583.52,16680004.46,20895437.28,0.00,20895437.28,0.00,0.00,0.00,20895437.28,06/15/2007,12/15/2036,02/25/1997,01/28/1997,06/06/1997,12/31/2003,03/15/2004
11/30/2022,IDA29660,EASTERN AND SOUTHERN AFRICA,KE,Kenya,The National Treasury and Planning,Repaying,0.75,XDR,P001344,KE ENERGY SECTOR REFORM,125000000.00,9369997.62,0.00,107968107.33,48621047.32,61091314.48,0.00,61091314.48,0.00,0.00,0.00,61091314.48,10/01/2007,04/01/2037,04/03/1998,06/19/1997,06/23/1998,06/30/2004,12/10/2004
11/30/2022,IDA31200,EASTERN AND SOUTHERN AFRICA,KE,Kenya,The National Treasury and Planning,Repaying,0.75,XDR,P056595,EL NINO EMERGENCY PROJECT,40000000.00,3071508.85,0.00,35478046.50,14983776.29,22352322.97,0.00,22352322.97,0.00,0.00,0.00,22352322.97,10/01/2008,04/01/2038,08/13/1998,07/16/1998,10/23/1998,12/31/2001,06/28/2002
11/30/2022,IDA34060,EASTERN AND SOUTHERN AFRICA,KE,Kenya,The National Treasury and Planning,Repaying,0.75,XDR,P069501,Kenya Economic & Public Sector Reform,150000000.00,50000000.00,0.00,104602043.00,32447908.75,69397288.07,0.00,69397288.07,0.00,0.00,0.00,69397288.07,11/01/2010,05/01/2040,08/02/2000,08/01/2000,08/15/2000,04/30/2004,12/18/2003
11/30/2022,IDA34061,EASTERN AND SOUTHERN AFRICA,KE,Kenya,The National Treasury and Planning,Repaying,0.75,XDR,P069501,Kenya Economic & Public Sector Reform,3200000.00,0.00,0.00,3176500.00,1075393.33,2300970.00,0.00,2300970.00,0.00,0.00,0.00,2300970.00,11/01/2010,05/01/2040,01/24/2001,01/24/2001,04/09/2001,06/30/2002,04/11/2001
11/30/2022,IDA34062,EASTERN AND SOUTHERN AFRICA,KE,Kenya,The National Treasury and Planning,Repaying,0.75,XDR,P069501,Kenya Economic & Public Sector Reform,1480000.00,0.00,0.00,1689948.00,494680.94,1058446.20,0.00,1058446.20,0.00,0.00,0.00,1058446.20,11/01/2010,05/01/2040,06/24/2002,10/24/2001,09/23/2002,04/30/2004,12/18/2003
11/30/2022,IDA34063,EASTERN AND SOUTHERN AFRICA,KE,Kenya,The National Treasury and Planning,Repaying,0.75,XDR,P069501,Kenya Economic & Public Sector Reform,530000.00,0.00,0.00,587808.00,172062.94,368155.20,0.00,368155.20,0.00,0.00,0.00,368155.20,11/01/2010,05/01/2040,06/26/2003,06/05/2003,09/23/2003,04/30/2004,12/18/2003
11/30/2022,IDA34150,EASTERN AND SOUTHERN AFRICA,KE,Kenya,The National Treasury and Planning,Repaying,0.75,XDR,P070920,KE-HIV/AIDS Disaster Resp (FY01),50000000.00,201129.89,0.00,53425538.62,15155493.22,35735041.74,0.00,35735041.74,0.00,0.00,0.00,35735041.74,03/01/2011,09/01/2040,10/12/2000,09/12/2000,01/19/2001,12/31/2005,12/29/2006
11/30/2022,IDA34250,EASTERN AND SOUTHERN AFRICA,KE,Kenya,The National Treasury and Planning,Repaying,0.75,XDR,P071196,KE Emergency energy credit,72000000.00,16484846.60,0.00,54401242.24,17001807.37,40219447.79,0.00,40219447.79,0.00,0.00,0.00,40219447.79,04/01/2011,10/01/2040,10/27/2000,10/26/2000,11/08/2000,12/31/2001,12/03/2002
11/30/2022,IDA34400,EASTERN AND SOUTHERN AFRICA,KE,Kenya,The National Treasury and Planning,Repaying,0.75,XDR,P066486,KE-Decentr Reprod Hlth & HIV/AIDS (FY01),50000000.00,17956922.89,0.00,35365521.86,9872911.05,23236401.54,0.00,23236401.54,0.00,0.00,0.00,23236401.54,01/01/2011,07/01/2040,03/07/2001,12/12/2000,10/08/2001,09/30/2007,11/20/2008
11/30/2022,IDA34900,EASTERN AND SOUTHERN AFRICA,KE,Kenya,The National Treasury and Planning,Repaying,0.75,XDR,P070718,Regional Trade Fac. Proj. - Kenya,25000000.00,0.00,0.00,28305799.48,7204652.58,18875843.04,0.00,18875843.04,0.00,0.00,0.00,18875843.04,09/15/2011,03/15/2041,08/06/2001,04/03/2001,02/05/2002,06/30/2013,01/24/2012
11/30/2022,IDA35620,EASTERN AND SOUTHERN AFRICA,KE,Kenya,The National Treasury and Planning,Repaying,0.75,XDR,P066490,KE-Pub Sec Mgmt TAL (FY02),15000000.00,2746656.87,0.00,13622103.10,3332890.52,9713995.25,0.00,9713995.25,0.00,0.00,0.00,9713995.25,12/01/2011,06/01/2041,09/26/2001,07/31/2001,11/12/2001,06/30/2005,11/23/2005
11/30/2022,IDA37950,EASTERN AND SOUTHERN AFRICA,KE,Kenya,The National Treasury and Planning,Repaying,0.75,XDR,P078058,KE-Arid Lands 2 SIL (FY03),60000000.00,0.00,0.00,65985199.73,11652854.63,46434889.44,0.00,46434889.44,0.00,0.00,0.00,46434889.44,11/15/2013,05/15/2043,06/26/2003,06/19/2003,09/08/2003,12/31/2010,09/02/2011
11/30/2022,IDA37951,EASTERN AND SOUTHERN AFRICA,KE,Kenya,The National Treasury and Planning,Repaying,0.75,XDR,P078058,KE-Arid Lands 2 SIL (FY03),60000000.00,13651073.20,0.00,48591737.35,5604600.07,35655303.06,0.00,35655303.06,0.00,0.00,0.00,35655303.06,11/15/2016,05/15/2046,10/25/2006,08/03/2006,11/07/2006,12/31/2010,10/04/2012
11/30/2022,IDA39290,EASTERN AND SOUTHERN AFRICA,KE,Kenya,The National Treasury and Planning,Repaying,0.75,XDR,P082396,KE-Agricultural Productivity Prj (FY04),27000000.00,0.00,0.00,26904090.66,4258303.35,19643709.60,0.00,19643709.60,0.00,0.00,0.00,19643709.60,11/15/2014,05/15/2044,06/25/2004,06/17/2004,10/21/2004,12/31/2008,04/30/2009
11/30/2022,IDA39300,EASTERN AND SOUTHERN AFRICA,KE,Kenya,The National Treasury and Planning,Repaying,0.75,XDR,P082615,KE-Northern Corridor Trnsprt SIL (FY04),207000000.00,2906484.62,0.00,210111743.40,32387004.72,148872224.11,0.00,148872224.11,0.00,0.00,0.00,148872224.11,11/15/2014,05/15/2044,06/25/2004,06/17/2004,09/16/2004,12/31/2015,07/05/2016
11/30/2022,IDA39580,EASTERN AND SOUTHERN AFRICA,KE,Kenya,The National Treasury and Planning,Repaying,0.75,XDR,P083131,KE-Energy Sec Recovery Prj (FY05),80000000.00,8765281.74,0.00,75821206.75,10987151.85,54286644.05,0.00,54286644.05,0.00,0.00,0.00,54286644.05,12/01/2014,06/01/2044,08/04/2004,07/13/2004,11/04/2004,09/30/2013,03/13/2014
11/30/2022,IDA39590,EASTERN AND SOUTHERN AFRICA,KE,Kenya,The National Treasury and Planning,Repaying,0.75,XDR,P085007,MSME Competitiveness,22000000.00,7523284.87,0.00,15456853.67,2349608.44,10771832.79,0.00,10771832.79,0.00,0.00,0.00,10771832.79,09/15/2014,03/15/2044,08/04/2004,07/13/2004,12/17/2004,06/30/2012,06/24/2013
11/30/2022,IDA39920,EASTERN AND SOUTHERN AFRICA,KE,Kenya,The National Treasury and Planning,Repaying,0.75,XDR,P083250,Financial & Legal Sec TA,18000000.00,1541337.33,0.00,16950369.48,2489168.03,12320662.53,0.00,12320662.53,0.00,0.00,0.00,12320662.53,03/01/2015,09/01/2044,11/16/2004,10/14/2004,06/30/2005,03/31/2013,10/10/2013
11/30/2022,IDA41460,EASTERN AND SOUTHERN AFRICA,KE,Kenya,The National Treasury and Planning,Repaying,0.75,XDR,P090567,KE-Inst Reform & CB TA (FY06),25000000.00,15095344.35,0.00,10611641.80,1329062.55,7750269.99,0.00,7750269.99,0.00,0.00,0.00,7750269.99,05/15/2016,11/15/2045,04/24/2006,01/24/2006,07/19/2006,08/31/2011,02/13/2012
11/30/2022,IDA41480,EASTERN AND SOUTHERN AFRICA,KE,Kenya,The National Treasury and Planning,Repaying,0.75,XDR,P079734,E Afr Trade & Transp Facil (FY06),120620000.00,74692.28,0.00,125376166.75,16143318.51,94133591.27,0.00,94133591.27,0.00,0.00,0.00,94133591.27,05/15/2016,11/15/2045,04/05/2006,01/24/2006,07/05/2006,09/30/2015,03/10/2016
11/30/2022,IDA42420,EASTERN AND SOUTHERN AFRICA,KE,Kenya,The National Treasury and Planning,Repaying,0.75,XDR,P087479,KE-Edu Sec Sup Project (FY07),80000000.00,27604700.79,0.00,54330204.56,5876735.53,40921512.52,0.00,40921512.52,0.00,0.00,0.00,40921512.52,05/01/2017,11/01/2046,12/04/2006,11/07/2006,03/28/2007,12/31/2010,10/27/2011
11/30/2022,IDA42760,EASTERN AND SOUTHERN AFRICA,KE,Kenya,The National Treasury and Planning,Repaying,0.75,XDR,P085414,KE-Natl STATCAP Dev,20500000.00,8553502.39,0.00,12757716.12,1365355.93,9507392.73,0.00,9507392.73,0.00,0.00,0.00,9507392.73,05/01/2017,11/01/2046,05/23/2007,03/20/2007,08/20/2007,09/30/2012,04/03/2013
11/30/2022,IDA42770,EASTERN AND SOUTHERN AFRICA,KE,Kenya,The National Treasury and Planning,Repaying,0.75,XDR,P095050,KE-NRM SIL (FY07),68500000.00,12630005.13,0.00,56945102.01,6234605.84,43411168.01,0.00,43411168.01,0.00,0.00,0.00,43411168.01,05/15/2017,11/15/2046,05/07/2007,03/27/2007,12/10/2007,06/30/2013,03/21/2014
11/30/2022,IDA42780,EASTERN AND SOUTHERN AFRICA,KE,Kenya,The National Treasury and Planning,Disbursing&Repaying,0.75,XDR,P074106,KE-W Kenya CDD/Flood Mitigation (FY07),86000000.00,10027122.43,3209515.24,73907891.85,8484984.84,55870900.56,0.00,55870900.56,0.00,0.00,0.00,59080415.80,05/15/2017,11/15/2046,05/07/2007,03/27/2007,08/06/2007,03/31/2016,05/19/2021
11/30/2022,IDA42840,EASTERN AND SOUTHERN AFRICA,KE,Kenya,The National Treasury and Planning,Repaying,0.75,XDR,P094103,Telecommunications APL (FY07),114400000.00,2523462.07,0.00,112965232.24,11478603.95,87194463.61,0.00,87194463.61,0.00,0.00,0.00,87194463.61,08/15/2017,02/15/2047,05/23/2007,03/29/2007,08/21/2007,12/31/2016,09/11/2017
11/30/2022,IDA43360,EASTERN AND SOUTHERN AFRICA,KE,Kenya,The National Treasury and Planning,Repaying,0.75,XDR,P081712,KE-Tot War Against HIV/AIDS-TOWA (FY07,80000000.00,2140369.19,0.00,80832183.25,7881843.43,60217977.82,0.00,60217977.82,0.00,0.00,0.00,60217977.82,11/15/2017,05/15/2047,07/18/2007,06/26/2007,03/12/2008,06/30/2014,09/26/2018
11/30/2022,IDA43760,EASTERN AND SOUTHERN AFRICA,KE,Kenya,The National Treasury and Planning,Repaying,0.75,XDR,P096367,KE-Water & Sanitation Srv Impr (FY08),150000000.00,653272.66,0.00,148376959.74,13340458.71,113814342.80,0.00,113814342.80,0.00,0.00,0.00,113814342.80,04/15/2018,10/15/2047,06/04/2008,12/20/2007,09/02/2008,12/31/2013,05/27/2014
11/30/2022,IDA45320,EASTERN AND SOUTHERN AFRICA,KE,Kenya,The National Treasury and Planning,Repaying,0.75,XDR,P100406,Lake Victoria Phase II APL 1 (FY09),30000000.00,162118.26,0.00,28757909.32,2094191.14,22979513.79,0.00,22979513.79,0.00,0.00,0.00,22979513.79,05/15/2019,11/15/2048,05/08/2009,03/03/2009,07/30/2009,12/31/2017,11/13/2018
11/30/2022,IDA45530,EASTERN AND SOUTHERN AFRICA,KE,Kenya,The National Treasury and Planning,Repaying,0.75,XDR,P111545,KE-Cash Transfer for OVC (FY09),50000000.00,1673966.67,0.00,49212168.40,3516100.58,38582096.21,0.00,38582096.21,0.00,0.00,0.00,38582096.21,05/15/2019,11/15/2048,05/08/2009,03/31/2009,07/03/2009,12/31/2015,06/29/2018
11/30/2022,IDA45680,EASTERN AND SOUTHERN AFRICA,KE,Kenya,The National Treasury and Planning,Repaying,0.75,XDR,P112688,Eastern Africa Agricultural Productivity,30000000.00,262543.21,0.00,29952344.05,1921497.74,24363208.56,0.00,24363208.56,0.00,0.00,0.00,24363208.56,11/15/2019,05/15/2049,08/14/2009,06/11/2009,02/16/2010,12/31/2015,05/25/2016
11/30/2022,IDA45710,EASTERN AND SOUTHERN AFRICA,KE,Kenya,The National Treasury and Planning,Repaying,0.75,XDR,P082615,KE-Northern Corridor Trnsprt SIL (FY04),253000000.00,336107.38,0.00,260215493.82,18935959.41,207783876.10,0.00,207783876.10,0.00,0.00,0.00,207783876.10,05/15/2019,11/15/2048,05/08/2009,04/02/2009,09/02/2009,12/31/2015,06/24/2016
11/30/2022,IDA45720,EASTERN AND SOUTHERN AFRICA,KE,Kenya,The National Treasury and Planning,Repaying,0.75,XDR,P083131,KE-Energy Sec Recovery Prj (FY05),80000000.00,924085.51,0.00,80253254.16,5107306.89,64059856.61,0.00,64059856.61,0.00,0.00,0.00,64059856.61,06/01/2019,12/01/2048,05/08/2009,04/02/2009,07/03/2009,09/30/2013,03/24/2014
11/30/2022,IDA45920,EASTERN AND SOUTHERN AFRICA,KE,Kenya,The National Treasury and Planning,Repaying,0.75,XDR,P109683,Kenya Agric Productivity & Agribusiness,82000000.00,17293266.09,0.00,65950192.79,4182870.54,53070621.38,0.00,53070621.38,0.00,0.00,0.00,53070621.38,11/01/2019,05/01/2049,07/06/2009,06/11/2009,03/04/2010,09/30/2015,11/21/2016
11/30/2022,IDA46970,EASTERN AND SOUTHERN AFRICA,KE,Kenya,The National Treasury and Planning,Repaying,0.75,XDR,P111546,KE-Youth Empowerment Project (FY10),60000000.00,44179114.90,0.00,15762386.12,843866.89,12612211.71,0.00,12612211.71,0.00,0.00,0.00,12612211.71,05/15/2020,11/15/2049,05/20/2010,05/04/2010,08/18/2010,02/28/2016,11/22/2016
11/30/2022,IDA47140,EASTERN AND SOUTHERN AFRICA,KE,Kenya,The National Treasury and Planning,Repaying,0.75,XDR,P066488,KE-Municipal Program (FY10),100000000.00,115.21,0.00,95951460.09,5400029.55,80707415.88,0.00,80707415.88,0.00,0.00,0.00,80707415.88,05/15/2020,11/15/2049,05/20/2010,05/04/2010,06/28/2010,05/31/2017,11/30/2017
11/30/2022,IDA47320,EASTERN AND SOUTHERN AFRICA,KE,Kenya,The National Treasury and Planning,Repaying,0.75,XDR,P111556,East Afr Publ Hlth Laborat Net (FY10),23500000.00,569210.19,0.00,22833551.10,1057510.96,18892062.04,0.00,18892062.04,0.00,0.00,0.00,18892062.04,08/15/2020,02/15/2050,07/05/2010,05/25/2010,10/01/2010,03/30/2016,02/02/2017
11/30/2022,IDA47430,EASTERN AND SOUTHERN AFRICA,KE,Kenya,The National Treasury and Planning,Repaying,0.75,XDR,P103037,KE-Electricity SIL (2010),330000000.00,0.00,0.00,321950981.64,15200629.74,271553905.20,0.00,271553905.20,0.00,0.00,0.00,271553905.20,08/15/2020,02/15/2050,07/05/2010,05/27/2010,10/01/2010,12/31/2017,06/29/2018
11/30/2022,IDA47710,EASTERN AND SOUTHERN AFRICA,KE,Kenya,The National Treasury and Planning,Repaying,0.75,XDR,P074091,KE-Health SWAP (FY10),100000000.00,889826.37,0.00,100899161.06,4534163.49,81954183.92,0.00,81954183.92,0.00,0.00,0.00,81954183.92,11/15/2020,05/15/2050,07/05/2010,06/29/2010,09/30/2010,06/30/2018,07/29/2021
11/30/2022,IDA48010,EASTERN AND SOUTHERN AFRICA,KE,Kenya,The National Treasury and Planning,Repaying,0.75,XDR,P094692,KE-FMSCEDP (Coastal CD) GEF (FISH),35000000.00,5387896.32,0.00,29547990.19,1391451.75,25152125.28,0.00,25152125.28,0.00,0.00,0.00,25152125.28,11/15/2020,05/15/2050,11/17/2010,07/27/2010,06/30/2011,06/30/2017,05/06/2019
11/30/2022,IDA48410,EASTERN AND SOUTHERN AFRICA,KE,Kenya,The National Treasury and Planning,Repaying,0.75,XDR,P081712,KE-Tot War Against HIV/AIDS-TOWA (FY07,55000000.00,36105.10,0.00,53312149.76,1920368.04,44149622.66,0.00,44149622.66,0.00,0.00,0.00,44149622.66,05/15/2021,11/15/2050,02/27/2011,12/14/2010,05/30/2011,06/30/2014,11/06/2014
11/30/2022,IDA48730,EASTERN AND SOUTHERN AFRICA,KE,Kenya,The National Treasury and Planning,Repaying,0.75,XDR,P113542,KE-Informal Settlements Improvement Proj,100000000.00,1326.78,0.00,93287879.24,3568693.17,82044927.41,0.00,82044927.41,0.00,0.00,0.00,82044927.41,05/15/2021,11/15/2050,05/23/2011,03/24/2011,06/30/2011,11/30/2019,11/25/2019
11/30/2022,IDA49260,EASTERN AND SOUTHERN AFRICA,KE,Kenya,The National Treasury and Planning,Repaying,0.75,XDR,P124109,KE:Transport Sector Support Project,300000000.00,435008.69,0.00,272416240.39,7890676.29,242992470.08,0.00,242992470.08,0.00,0.00,0.00,242992470.08,08/15/2021,02/15/2051,05/23/2011,04/21/2011,08/22/2011,12/31/2019,08/18/2020
11/30/2022,IDA49770,EASTERN AND SOUTHERN AFRICA,KE,Kenya,The National Treasury and Planning,Repaying,0.75,XDR,P079734,E Afr Trade & Transp Facil (FY06),30000000.00,4378.65,0.00,27468549.83,753500.62,23718880.89,0.00,23718880.89,0.00,0.00,0.00,23718880.89,11/15/2021,05/15/2051,08/03/2011,06/23/2011,02/07/2012,09/30/2015,03/29/2016
11/30/2022,IDA50340,EASTERN AND SOUTHERN AFRICA,KE,Kenya,The National Treasury and Planning,Disbursing&Repaying,0.75,XDR,P074091,KE-Health SWAP (FY10),56800000.00,2138123.67,719978.23,50322659.08,929860.19,43782143.82,0.00,43782143.82,0.00,0.00,0.00,44502122.05,05/15/2022,11/15/2051,02/10/2012,12/20/2011,05/28/2012,06/30/2018,08/24/2022
11/30/2022,IDA50920,EASTERN AND SOUTHERN AFRICA,KE,Kenya,The National Treasury and Planning,Repaying,0.75,XDR,P094103,Telecommunications APL (FY07),55100000.00,3293613.47,0.00,48446569.88,441960.98,43570225.03,0.00,43570225.03,0.00,0.00,0.00,43570225.03,08/15/2022,02/15/2052,05/04/2012,03/29/2012,07/30/2012,12/31/2016,09/11/2017
11/30/2022,IDA51020,EASTERN AND SOUTHERN AFRICA,KE,Kenya,The National Treasury and Planning,Repaying,0.75,XDR,P107314,KE-Nairobi Metropolitan Services,300000000.00,0.00,0.00,270174366.39,5102914.72,248431128.96,0.00,248431128.96,0.00,0.00,0.00,248431128.96,05/15/2022,11/15/2051,06/21/2012,05/10/2012,12/17/2012,09/30/2020,02/05/2021
11/30/2022,IDA51030,EASTERN AND SOUTHERN AFRICA,KE,Kenya,The National Treasury and Planning,Repaying,0.75,XDR,P096367,KE-Water & Sanitation Srv Impr (FY08),300000000.00,4235.40,0.00,276726295.56,2461057.25,250962597.35,0.00,250962597.35,0.00,0.00,0.00,250962597.35,10/15/2022,04/15/2052,06/21/2012,05/10/2012,12/14/2012,12/31/2019,06/30/2020
11/30/2022,IDA51400,EASTERN AND SOUTHERN AFRICA,KE,Kenya,The National Treasury and Planning,Repaying,0.75,XDR,P126321,KE-National Urban Transport Improvement,300000000.00,233089848.81,0.00,60907975.45,567933.79,56177166.24,0.00,56177166.24,0.00,0.00,0.00,56177166.24,11/15/2022,05/15/2052,09/26/2012,08/02/2012,12/24/2012,12/31/2018,08/06/2020
11/30/2022,IDA51480,EASTERN AND SOUTHERN AFRICA,KE,Kenya,The National Treasury and Planning,Disbursing&Repaying,0.75,XDR,P126579,Eastern Electricity Highway Project,441000000.00,0.00,116916072.36,272433421.71,3743934.65,253415187.84,0.00,253415187.84,0.00,0.00,0.00,370331260.20,11/15/2022,05/15/2052,12/05/2012,07/12/2012,12/24/2013,12/31/2022,11/23/2022
11/30/2022,IDA51570,EASTERN AND SOUTHERN AFRICA,KE,Kenya,The National Treasury and Planning,Disbursing,0.75,XDR,P121019,Kenya Infrastructure Finance/PPP project,40000000.00,0.00,1168557.48,35921405.78,0.00,33543218.52,0.00,33543218.52,0.00,0.00,0.00,34711776.00,04/15/2023,10/15/2052,12/05/2012,11/15/2012,02/11/2013,06/30/2023,11/28/2022
11/30/2022,IDA51810,EASTERN AND SOUTHERN AFRICA,KE,Kenya,The National Treasury and Planning,Fully Disbursed,0.75,XDR,P105269,KE-Judicial Performance Improv SIL (FY13,120000000.00,2453409.51,0.00,108660998.16,0.00,101619885.57,0.00,101619885.57,0.00,0.00,0.00,101619885.57,02/15/2023,08/15/2052,12/05/2012,11/15/2012,04/30/2013,10/31/2021,03/09/2022
11/30/2022,IDA52680,EASTERN AND SOUTHERN AFRICA,KE,Kenya,The National Treasury and Planning,Disbursing,0.75,XDR,P117635,KE Enhancing Wat Security & Climate Res,155000000.00,31868981.87,8650976.87,105649007.17,0.00,99350381.76,0.00,99350381.76,0.00,0.00,0.00,108001358.63,10/15/2023,04/15/2053,07/29/2013,06/18/2013,10/24/2013,12/31/2022,11/01/2022
11/30/2022,IDA52870,EASTERN AND SOUTHERN AFRICA,KE,Kenya,The National Treasury and Planning,Disbursing,0.75,XDR,P131305,National Safety Net Program,250000000.00,42776017.08,0.83,195458463.12,0.00,181898555.60,0.00,181898555.60,0.00,0.00,0.00,181898556.43,11/01/2023,05/01/2053,09/09/2013,07/23/2013,10/16/2013,12/31/2020,07/15/2019
11/30/2022,IDA53120,EASTERN AND SOUTHERN AFRICA,KE,Kenya,The National Treasury and Planning,Fully Disbursed,0.75,XDR,P111545,KE-Cash Transfer for OVC (FY09),10000000.00,53916.55,0.00,9400063.95,0.00,8631155.52,0.00,8631155.52,0.00,0.00,0.00,8631155.52,04/15/2024,10/15/2053,12/05/2013,10/31/2013,03/04/2014,12/31/2016,03/16/2017
11/30/2022,IDA53670,EASTERN AND SOUTHERN AFRICA,KE,Kenya,The National Treasury and Planning,Fully Disbursed,0.75,XDR,P074091,KE-Health SWAP (FY10),41000000.00,4714339.67,0.00,33168853.91,0.00,31069577.19,0.00,31069577.19,0.00,0.00,0.00,31069577.19,05/15/2024,11/15/2053,01/21/2014,12/30/2013,03/24/2014,06/30/2018,02/13/2019
11/30/2022,IDA53880,EASTERN AND SOUTHERN AFRICA,KE,Kenya,The National Treasury and Planning,Disbursing,0.75,XDR,P129408,Regional Pastoral Livelihoods Resilience,77000000.00,0.00,0.00,70148133.40,0.00,66004968.00,0.00,66004968.00,0.00,0.00,0.00,66004968.00,08/15/2024,02/15/2054,05/19/2014,03/18/2014,12/15/2014,12/31/2021,05/22/2022
11/30/2022,IDA54080,EASTERN AND SOUTHERN AFRICA,KE,Kenya,The National Treasury and Planning,Fully Disbursed,0.75,XDR,P094103,Telecommunications APL (FY07),30000000.00,1737619.50,0.00,25313290.48,0.00,24278198.81,0.00,24278198.81,0.00,0.00,0.00,24278198.81,08/01/2024,02/01/2054,05/19/2014,03/26/2014,08/14/2014,12/31/2016,08/23/2017
11/30/2022,IDA54100,EASTERN AND SOUTHERN AFRICA,KE,Kenya,The National Treasury and Planning,Fully Disbursed,0.75,XDR,P124109,KE:Transport Sector Support Project,203500000.00,1455801.89,0.00,183617783.81,0.00,173100531.75,0.00,173100531.75,0.00,0.00,0.00,173100531.75,08/01/2024,02/01/2054,03/31/2014,03/26/2014,06/20/2014,12/31/2019,08/21/2020
11/30/2022,IDA55260,EASTERN AND SOUTHERN AFRICA,KE,Kenya,The National Treasury and Planning,Disbursing&Repaying,0.75,XDR,P145234,Kenya Petroleum TA Project (KEPTAP),50000000.00,0.00,4108127.45,41177635.07,3501316.41,35285711.61,0.00,35285711.61,0.00,0.00,0.00,39393839.06,10/15/2020,04/15/2052,08/14/2014,07/24/2014,10/02/2014,08/31/2021,03/04/2022
11/30/2022,IDA55430,EASTERN AND SOUTHERN AFRICA,KE,Kenya,The National Treasury and Planning,Disbursing&Repaying,0.75,XDR,P145559,KE - Cstl Rgn Water Security & Clim. Res,200000000.00,87405159.33,52736871.65,47382943.84,6357293.69,38726685.86,0.00,38726685.86,0.00,0.00,0.00,91463557.51,04/15/2021,10/15/2052,01/13/2015,12/16/2014,05/11/2015,01/31/2027,09/09/2022
11/30/2022,IDA55870,EASTERN AND SOUTHERN AFRICA,KE,Kenya,The National Treasury and Planning,Disbursing&Repaying,0.75,XDR,P120014,KE Electricity Modernization Project,250000000.00,0.00,33980010.73,204550478.07,14806841.58,178777536.78,0.00,178777536.78,0.00,0.00,0.00,212757547.51,05/15/2021,11/15/2052,06/29/2015,03/31/2015,09/17/2015,12/31/2022,12/02/2022
11/30/2022,IDA56160,EASTERN AND SOUTHERN AFRICA,KE,Kenya,The National Treasury and Planning,Repaying,0.75,XDR,P111556,East Afr Publ Hlth Laborat Net (FY10),10000000.00,9361.51,0.00,9944076.08,465636.62,9014508.45,0.00,9014508.45,0.00,0.00,0.00,9014508.45,08/15/2021,02/15/2053,10/21/2015,07/07/2015,02/16/2016,09/30/2020,07/21/2021
11/30/2022,IDA56270,EASTERN AND SOUTHERN AFRICA,KE,Kenya,The National Treasury and Planning,Disbursing&Repaying,0.75,XDR,P151816,Financial Sector Support Project,37000000.00,0.00,7833622.04,28161817.28,1705998.81,25125718.77,0.00,25125718.77,0.00,0.00,0.00,32959340.81,08/01/2021,02/01/2053,06/04/2015,04/30/2015,07/10/2015,06/30/2022,08/18/2022
11/30/2022,IDA56340,EASTERN AND SOUTHERN AFRICA,KE,Kenya,The National Treasury and Planning,Repaying,0.75,XDR,P100406,Lake Victoria Phase II APL 1 (FY09),10000000.00,1368658.11,0.00,8689928.79,398891.93,7896305.62,0.00,7896305.62,0.00,0.00,0.00,7896305.62,11/15/2021,05/15/2053,07/07/2015,05/26/2015,08/06/2015,12/31/2017,11/06/2018
11/30/2022,IDA56380,EASTERN AND SOUTHERN AFRICA,KE,Kenya,The National Treasury and Planning,Disbursing&Repaying,0.75,XDR,P148853,EA Reg.Transp.Trade Dev. Facil. Ph-2,500000000.00,0.00,107852361.77,388557559.61,22948912.11,346435130.41,0.00,346435130.41,0.00,0.00,0.00,454287492.18,11/15/2021,05/15/2053,07/20/2015,06/11/2015,11/16/2015,12/29/2023,12/02/2022
11/30/2022,IDA56740,EASTERN AND SOUTHERN AFRICA,KE,Kenya,The National Treasury and Planning,Disbursing&Repaying,0.75,XDR,P117635,KE Enhancing Wat Security & Climate Res,58000000.00,54967014.29,0.75,3024622.40,136829.50,2706543.90,0.00,2706543.90,0.00,0.00,0.00,2706544.65,10/15/2021,04/15/2053,09/07/2015,06/26/2015,09/07/2015,12/31/2022,10/26/2018
11/30/2022,IDA57170,EASTERN AND SOUTHERN AFRICA,KE,Kenya,The National Treasury and Planning,Disbursing&Repaying,0.75,XDR,P149718,Kenya Statistics Program for Results,50000000.00,0.00,496909.34,48776217.52,2255471.38,44117255.41,0.00,44117255.41,0.00,0.00,0.00,44614164.75,10/15/2021,04/15/2053,10/02/2015,09/10/2015,02/10/2016,12/31/2020,06/29/2021
11/30/2022,IDA57650,EASTERN AND SOUTHERN AFRICA,KE,Kenya,The National Treasury and Planning,Repaying,0.75,XDR,P149129,Kenya Devolution Support Project,200000000.00,2154751.25,0.00,198723844.05,5963043.12,181884143.94,0.00,181884143.94,0.00,0.00,0.00,181884143.94,04/15/2022,10/15/2053,04/15/2016,03/15/2016,09/15/2016,09/30/2021,04/08/2022
11/30/2022,IDA57980,EASTERN AND SOUTHERN AFRICA,KE,Kenya,The National Treasury and Planning,Disbursing&Repaying,0.75,XDR,P151847,African Centers of Excellence East/South,18000000.00,0.00,3490377.51,14151831.16,264078.00,13076606.49,0.00,13076606.49,0.00,0.00,0.00,16566984.00,08/15/2022,02/15/2054,07/04/2016,05/26/2016,02/01/2017,12/31/2023,11/08/2022
11/30/2022,IDA58120,EASTERN AND SOUTHERN AFRICA,KE,Kenya,The National Treasury and Planning,Disbursing&Repaying,0.75,XDR,P151831,Kenya Youth Employment and Opportunities,150000000.00,0.00,9037071.96,138737947.06,2189856.33,128805412.10,0.00,128805412.10,0.00,0.00,0.00,137842484.06,11/15/2022,05/15/2054,07/04/2016,05/20/2016,12/15/2016,08/31/2023,11/16/2022
11/30/2022,IDA58360,EASTERN AND SOUTHERN AFRICA,KE,Kenya,The National Treasury and Planning,Disbursing&Repaying,0.75,XDR,P152394,Transforming Health Systems,150000000.00,0.00,6483564.70,141286766.51,2184832.83,130582341.99,0.00,130582341.99,0.00,0.00,0.00,137065906.69,08/15/2022,02/15/2054,07/04/2016,06/15/2016,09/29/2016,09/30/2023,07/25/2022
11/30/2022,IDA58440,EASTERN AND SOUTHERN AFRICA,KE,Kenya,The National Treasury and Planning,Repaying,0.75,XDR,P103037,KE-Electricity SIL (2010),68000000.00,318789.28,0.00,65010586.94,985649.93,61834937.60,0.00,61834937.60,0.00,0.00,0.00,61834937.60,08/15/2022,02/15/2054,06/29/2016,06/15/2016,09/28/2016,12/31/2017,07/24/2018
11/30/2022,IDA59000,EASTERN AND SOUTHERN AFRICA,KE,Kenya,The National Treasury and Planning,Disbursing&Repaying,0.75,XDR,P153349,E-National Ag. and Rural Inclusive Grow,200000000.00,0.00,7795177.42,189379433.68,2932145.66,176771378.70,0.00,176771378.70,0.00,0.00,0.00,184566556.12,11/15/2022,05/15/2054,10/14/2016,08/23/2016,07/28/2017,06/30/2023,10/12/2022
11/30/2022,IDA59450,EASTERN AND SOUTHERN AFRICA,KE,Kenya,The National Treasury and Planning,Disbursing,0.75,XDR,P154784,KE-Climate Smart Agriculture Project,250000000.00,0.00,14413583.19,241340854.26,0.00,228437364.81,0.00,228437364.81,0.00,0.00,0.00,242850948.00,05/15/2023,11/15/2054,04/07/2017,02/09/2017,05/16/2017,06/30/2023,05/18/2022
11/30/2022,IDA59810,EASTERN AND SOUTHERN AFRICA,KE,Kenya,The National Treasury and Planning,Disbursing,0.75,XDR,P131305,National Safety Net Program,50000000.00,15026668.48,70347.96,35777458.85,0.00,33774122.76,0.00,33774122.76,0.00,0.00,0.00,33844470.72,08/01/2023,02/01/2055,04/27/2017,04/26/2017,06/02/2017,12/31/2020,07/06/2020
11/30/2022,IDA60210,EASTERN AND SOUTHERN AFRICA,KE,Kenya,The National Treasury and Planning,Disbursing,0.75,XDR,P161067,HOA: Support to FD Impacts,100000000.00,0.00,24789672.00,76992894.65,0.00,72377004.00,0.00,72377004.00,0.00,0.00,0.00,97166676.00,08/15/2023,02/15/2055,05/29/2017,04/26/2017,06/28/2017,04/30/2023,11/29/2022
11/30/2022,IDA60290,EASTERN AND SOUTHERN AFRICA,KE,Kenya,The National Treasury and Planning,Effective,0.75,XDR,P156634,WSDP,37000000.00,0.00,36026616.00,0.00,0.00,0.00,0.00,0.00,0.00,0.00,0.00,36026616.00,08/15/2023,02/15/2055,06/21/2017,04/26/2017,03/09/2018,04/30/2024,
11/30/2022,IDA60300,EASTERN AND SOUTHERN AFRICA,KE,Kenya,The National Treasury and Planning,Disbursing,2.85,EUR,P156634,WSDP,263000000.00,0.00,133728374.23,137407637.12,0.00,123278415.77,0.00,123278415.77,0.00,0.00,0.00,257006790.00,08/15/2026,02/15/2047,06/21/2017,04/26/2017,03/09/2018,04/30/2024,11/22/2022
11/30/2022,IDA61210,EASTERN AND SOUTHERN AFRICA,KE,Kenya,The National Treasury and Planning,Disbursing&Repaying,1.46,EUR,P121019,Kenya Infrastructure Finance/PPP project,50000000.00,0.00,20383440.54,29550705.16,805732.62,27398638.24,0.00,27398638.24,0.00,0.00,0.00,47782078.78,11/15/2022,05/15/2047,08/07/2017,07/05/2017,12/21/2017,06/30/2023,11/03/2022
11/30/2022,IDA61330,EASTERN AND SOUTHERN AFRICA,KE,Kenya,The National Treasury and Planning,Disbursing&Repaying,1.46,EUR,P161387,Governance for Enabling Service Delivery,150000000.00,0.00,76772967.83,65384969.38,2167057.20,57302118.91,0.00,57302118.91,0.00,0.00,0.00,134075086.74,09/15/2022,03/15/2047,09/28/2017,09/07/2017,01/15/2018,12/31/2023,06/24/2022
11/30/2022,IDA61340,EASTERN AND SOUTHERN AFRICA,KE,Kenya,The National Treasury and Planning,Disbursing&Repaying,2.62,USD,P156777,Kenya Urban Support Program,300000000.00,0.00,14418113.48,285581886.52,4950000.00,280631886.52,0.00,280631886.52,0.00,0.00,0.00,295050000.00,08/15/2022,02/15/2047,09/14/2017,07/26/2017,01/11/2018,07/31/2023,09/08/2022
11/30/2022,IDA61350,EASTERN AND SOUTHERN AFRICA,KE,Kenya,The National Treasury and Planning,Disbursing&Repaying,1.46,EUR,P160009,Kenya Off-Grid Solar Access Project,150000000.00,0.00,105872987.22,35642133.56,2298657.24,30443476.35,0.00,30443476.35,0.00,0.00,0.00,136316463.57,11/15/2022,05/15/2047,09/05/2017,07/26/2017,03/08/2018,06/30/2023,10/05/2022
11/30/2022,IDA61380,EASTERN AND SOUTHERN AFRICA,KE,Kenya,The National Treasury and Planning,Disbursing&Repaying,1.46,EUR,P160083,SEQIP,200000000.00,0.00,38736484.17,147879137.10,3015054.90,140064258.40,0.00,140064258.40,0.00,0.00,0.00,178800742.57,11/15/2022,05/15/2047,09/27/2017,09/15/2017,12/07/2017,12/31/2024,12/01/2022
11/30/2022,IDA62600,EASTERN AND SOUTHERN AFRICA,KE,Kenya,The National Treasury and Planning,Fully Disbursed,1.42,EUR,P161562,Kenya CAT DDO,200000000.00,0.00,0.00,182137730.83,0.00,171337860.00,0.00,171337860.00,0.00,0.00,0.00,171337860.00,08/15/2023,02/15/2048,07/26/2018,06/21/2018,11/27/2018,09/30/2021,05/19/2020
11/30/2022,IDA62680,EASTERN AND SOUTHERN AFRICA,KE,Kenya,The National Treasury and Planning,Disbursing,1.42,EUR,P161317,Kenya Industry and Entrepreneurship,50000000.00,0.00,39054975.58,4188717.61,0.00,3831284.42,0.00,3831284.42,0.00,0.00,0.00,42886260.00,09/15/2023,03/15/2048,08/03/2018,06/15/2018,11/28/2018,12/31/2024,10/05/2022
11/30/2022,IDA63340,EASTERN AND SOUTHERN AFRICA,KE,Kenya,The National Treasury and Planning,Disbursing,1.35,EUR,P163399,East Africa Skills,60000000.00,0.00,32605557.13,21438184.76,0.00,20743292.87,0.00,20743292.87,0.00,0.00,0.00,53348850.00,04/15/2024,10/15/2048,12/18/2018,10/30/2018,09/16/2019,12/31/2024,11/04/2022
11/30/2022,IDA63480,EASTERN AND SOUTHERN AFRICA,KE,Kenya,The National Treasury and Planning,Disbursing,1.35,EUR,P164654,KSEIP,250000000.00,0.00,171214857.44,55740556.79,0.00,52435952.56,0.00,52435952.56,0.00,0.00,0.00,223650810.00,04/15/2024,10/15/2048,01/31/2019,11/27/2018,03/20/2019,12/31/2023,11/14/2022
11/30/2022,IDA64190,EASTERN AND SOUTHERN AFRICA,KE,Kenya,The National Treasury and Planning,Fully Disbursed,2,XDR,P168204,Inclusive Growth and Fiscal DPO,750000000.00,3.32,0.00,751130459.68,0.00,710408048.86,0.00,710408048.86,0.00,0.00,0.00,710408048.86,08/15/2024,02/15/2049,06/19/2019,05/28/2019,06/26/2019,06/30/2020,06/28/2019
11/30/2022,IDA65400,EASTERN AND SOUTHERN AFRICA,KE,Kenya,The National Treasury and Planning,Disbursing,0,EUR,P163980,KEMFSED,100000000.00,0.00,77699858.89,15691687.68,0.00,14598831.11,0.00,14598831.11,0.00,0.00,0.00,92298690.00,08/15/2025,02/15/2045,06/02/2020,03/10/2020,08/10/2020,03/31/2025,09/06/2022
11/30/2022,IDA65980,EASTERN AND SOUTHERN AFRICA,KE,Kenya,The National Treasury and Planning,Disbursing,1.2,EUR,P173820,KENYA COVID-19 EMERGENCY RESPONSE PROJEC,50000000.00,0.00,13405965.54,36398479.22,0.00,33727484.47,0.00,33727484.47,0.00,0.00,0.00,47133450.01,05/15/2025,11/15/2049,04/03/2020,04/02/2020,04/08/2020,03/31/2025,11/17/2022
11/30/2022,IDA66350,EASTERN AND SOUTHERN AFRICA,KE,Kenya,The National Treasury and Planning,Fully Disbursed,2.64,USD,P172321,Kenya Growth and Fiscal DPO2,750000000.00,0.00,0.00,750000000.00,0.00,750000000.00,0.00,750000000.00,0.00,0.00,0.00,750000000.00,11/15/2025,05/15/2050,05/20/2020,05/19/2020,05/22/2020,06/30/2021,05/22/2020
11/30/2022,IDA66480,EASTERN AND SOUTHERN AFRICA,KE,Kenya,The National Treasury and Planning,Disbursing,1.2,EUR,P173702,ELRP MPA,43000000.00,0.00,13966135.90,29432382.27,0.00,26744734.10,0.00,26744734.10,0.00,0.00,0.00,40710870.00,11/01/2025,05/01/2050,05/28/2020,05/20/2020,06/29/2020,05/19/2023,12/01/2022
11/30/2022,IDA67590,EASTERN AND SOUTHERN AFRICA,KE,Kenya,The National Treasury and Planning,Disbursing,1.21,EUR,P167814,KE Informal Settlements Imprvmnt Proj 2,150000000.00,0.00,136893643.22,2862631.34,0.00,2745676.78,0.00,2745676.78,0.00,0.00,0.00,139639320.00,10/15/2025,04/15/2050,08/17/2020,08/07/2020,03/17/2021,07/31/2025,10/03/2022
11/30/2022,IDA67680,EASTERN AND SOUTHERN AFRICA,KE,Kenya,The National Treasury and Planning,Disbursing,1.21,EUR,P161305,HoAGDP,750000000.00,0.00,627152418.82,72066129.60,0.00,66071861.18,0.00,66071861.18,0.00,0.00,0.00,693224280.00,11/01/2025,05/01/2050,10/07/2020,09/08/2020,12/22/2020,06/30/2028,11/22/2022
11/30/2022,IDA68230,EASTERN AND SOUTHERN AFRICA,KE,Kenya,The National Treasury and Planning,Disbursing,0.97,EUR,P173820,KENYA COVID-19 EMERGENCY RESPONSE PROJEC,50000000.00,0.00,22582620.00,20800000.00,0.00,20718000.00,0.00,20718000.00,0.00,0.00,0.00,43300620.00,07/15/2026,01/15/2051,02/09/2021,01/21/2021,03/25/2021,03/31/2025,06/30/2022
11/30/2022,IDA69100,EASTERN AND SOUTHERN AFRICA,KE,Kenya,The National Treasury and Planning,Disbursing,3.09,USD,P175251,KE: ACCELERATING REFORMS DPF,750000000.00,0.00,0.00,750000000.00,0.00,750000000.00,0.00,750000000.00,0.00,0.00,0.00,750000000.00,11/15/2026,05/15/2051,06/14/2021,06/10/2021,06/16/2021,06/30/2022,06/21/2021
11/30/2022,IDA69600,EASTERN AND SOUTHERN AFRICA,KE,Kenya,The National Treasury and Planning,Disbursing,0.9,EUR,P173820,KENYA COVID-19 EMERGENCY RESPONSE PROJEC,130000000.00,0.00,100370565.30,10703854.11,0.00,10159964.70,0.00,10159964.70,0.00,0.00,0.00,110530530.00,10/15/2026,04/15/2051,07/13/2021,06/28/2021,10/13/2021,03/31/2025,07/15/2022
11/30/2022,IDA69800,EASTERN AND SOUTHERN AFRICA,KE,Kenya,The National Treasury and Planning,Disbursing,2.84,USD,P173065,Locally-Led Climate Action (FLLoCA),150000000.00,0.00,143941140.05,6058859.95,0.00,6058859.95,0.00,6058859.95,0.00,0.00,0.00,150000000.00,04/15/2027,10/15/2051,11/10/2021,10/26/2021,02/01/2022,12/31/2026,11/15/2022
11/30/2022,IDA70040,EASTERN AND SOUTHERN AFRICA,KE,Kenya,The National Treasury and Planning,Effective,1.08,EUR,P145559,KE - Cstl Rgn Water Security & Clim. Res,150000000.00,0.00,133423920.00,0.00,0.00,0.00,0.00,0.00,0.00,0.00,0.00,133423920.00,06/01/2027,12/01/2051,03/03/2022,12/07/2021,04/21/2022,01/31/2027,
11/30/2022,IDA70180,EASTERN AND SOUTHERN AFRICA,KE,Kenya,The National Treasury and Planning,Effective,1.08,EUR,P175017,Kenya SAFER Project,100000000.00,0.00,88983810.00,0.00,0.00,0.00,0.00,0.00,0.00,0.00,0.00,88983810.00,12/15/2026,06/15/2051,02/08/2022,12/08/2021,05/09/2022,12/31/2026,
11/30/2022,IDA70510,EASTERN AND SOUTHERN AFRICA,KE,Kenya,The National Treasury and Planning,Disbursing,2.82,USD,P176903,KE: ACCELERATING REFORMS DPF2,520000000.00,0.00,0.00,520000000.00,0.00,520000000.00,0.00,520000000.00,0.00,0.00,0.00,520000000.00,09/15/2027,03/15/2052,03/18/2022,03/16/2022,03/25/2022,02/28/2023,04/01/2022
11/30/2022,IDA70530,EASTERN AND SOUTHERN AFRICA,KE,Kenya,The National Treasury and Planning,Effective,1.06,EUR,P173702,ELRP MPA,35000000.00,0.00,32527260.00,0.00,0.00,0.00,0.00,0.00,0.00,0.00,0.00,32527260.00,05/01/2027,11/01/2051,04/28/2022,03/17/2022,06/30/2022,12/31/2024,
11/30/2022,IDA70640,EASTERN AND SOUTHERN AFRICA,KE,Kenya,The National Treasury and Planning,Effective,1.06,EUR,P176758,NAVCDP,250000000.00,0.00,231316470.00,0.00,0.00,0.00,0.00,0.00,0.00,0.00,0.00,231316470.00,06/15/2027,12/15/2051,06/10/2022,03/29/2022,09/23/2022,12/31/2027,
11/30/2022,IDA70670,EASTERN AND SOUTHERN AFRICA,KE,Kenya,The National Treasury and Planning,Disbursing,1.06,EUR,P176867,PEELP,140000000.00,0.00,105826522.60,22780701.39,0.00,23764567.40,0.00,23764567.40,0.00,0.00,0.00,129591090.00,06/01/2027,12/01/2051,04/14/2022,03/31/2022,08/05/2022,12/31/2026,10/31/2022
11/30/2022,IDA70820,EASTERN AND SOUTHERN AFRICA,KE,Kenya,The National Treasury and Planning,Signed,1.24,EUR,P174867,HoA - Groundwater for Resilience,135000000.00,0.00,126069030.00,0.00,0.00,0.00,0.00,0.00,0.00,0.00,0.00,126069030.00,11/15/2027,05/15/2052,09/01/2022,06/01/2022,01/10/2023,12/31/2028,
11/30/2022,IDA70930,EASTERN AND SOUTHERN AFRICA,KE,Kenya,The National Treasury and Planning,Signed,1.24,EUR,P176371,Eastern Africa Regional Statistics PforR,120000000.00,0.00,111048480.00,0.00,0.00,0.00,0.00,0.00,0.00,0.00,0.00,111048480.00,10/01/2027,04/01/2052,07/27/2022,05/13/2022,12/23/2022,06/30/2027,
11/30/2022,IDA71390,EASTERN AND SOUTHERN AFRICA,KE,Kenya,The National Treasury and Planning,Effective,1.24,EUR,P176517,Horn of Africa - DRIVE,140000000.00,0.00,137360340.00,0.00,0.00,0.00,0.00,0.00,0.00,0.00,0.00,137360340.00,12/01/2027,06/01/2052,06/29/2022,06/21/2022,10/24/2022,09/30/2027,
11/30/2022,IDAA0210,EASTERN AND SOUTHERN AFRICA,KE,Kenya,The National Treasury and Planning,Repaying,0.75,XDR,P001305,AGRI.SECTOR,40000000.00,0.00,0.00,46449593.55,30457523.74,18744359.04,0.00,18744359.04,0.00,0.00,0.00,18744359.04,07/15/1996,01/15/2036,02/10/1987,06/23/1986,03/30/1987,06/30/1988,11/03/1988
11/30/2022,IDAA0360,EASTERN AND SOUTHERN AFRICA,KE,Kenya,The National Treasury and Planning,Repaying,0.75,XDR,P001298,INDUS.SECT.OPER.,10000000.00,0.00,0.00,9388695.37,5581464.28,4402084.32,0.00,4402084.32,0.00,0.00,0.00,4402084.32,08/15/1998,02/15/2038,07/01/1988,06/21/1988,08/11/1988,03/31/1990,04/07/1989
11/30/2022,IDAB0100,EASTERN AND SOUTHERN AFRICA,KE,Kenya,The National Treasury and Planning,Fully Cancelled,,USD,P098770,3A-Trade Transp Facilit Rail (FY06),45000000.00,45000000.00,0.00,0.00,0.00,0.00,0.00,0.00,0.00,0.00,0.00,0.00,06/01/2006,06/01/2033,01/16/2008,01/24/2006,06/22/2012,09/30/2015,
11/30/2022,IDAD9910,EASTERN AND SOUTHERN AFRICA,KE,Kenya,The National Treasury and Planning,Disbursing,,XDR,P176867,PEELP,60000000.00,0.00,46285304.58,10136949.64,0.00,0.00,0.00,0.00,0.00,0.00,0.00,46285304.58,,,04/14/2022,03/31/2022,08/05/2022,12/31/2026,10/31/2022
11/30/2022,IDAF0170,EASTERN AND SOUTHERN AFRICA,KE,Kenya,The National Treasury and Planning,Repaying,0.75,XDR,P001292,HIGHWAYS SECTOR-II,40000000.00,2140706.83,0.00,48571788.82,34121835.39,16229197.72,0.00,16229197.72,0.00,0.00,0.00,16229197.72,08/01/1994,02/01/2034,06/28/1984,05/08/1984,09/19/1984,06/30/1993,12/23/1993
11/30/2022,IDAG2100,EASTERN AND SOUTHERN AFRICA,KE,Kenya,The National Treasury and Planning,Signed,,USD,P122671,Private Sector Power Generation Project,166000000.00,31000000.00,0.00,0.00,0.00,0.00,0.00,0.00,0.00,0.00,0.00,0.00,,,05/24/2012,02/28/2012,,12/31/2016,
11/30/2022,IDAG2110,EASTERN AND SOUTHERN AFRICA,KE,Kenya,Thika Power Limited,Effective,,USD,P122671,Private Sector Power Generation Project,0.00,0.00,35000000.00,0.00,0.00,0.00,0.00,0.00,0.00,0.00,0.00,35000000.00,,,08/28/2012,05/24/2012,10/08/2012,12/31/2016,
11/30/2022,IDAG2120,EASTERN AND SOUTHERN AFRICA,KE,Kenya,Thika Power Limited,Effective,,EUR,P122671,Private Sector Power Generation Project,0.00,0.00,7976430.00,0.00,0.00,0.00,0.00,0.00,0.00,0.00,0.00,7976430.00,,,08/28/2012,05/24/2012,10/08/2012,12/31/2016,
11/30/2022,IDAG2150,EASTERN AND SOUTHERN AFRICA,KE,Kenya,Triumph Power Generating Company,Effective,,USD,P122671,Private Sector Power Generation Project,0.00,0.00,45000000.00,0.00,0.00,0.00,0.00,0.00,0.00,0.00,0.00,45000000.00,,,12/05/2012,05/24/2012,03/27/2013,12/31/2016,
11/30/2022,IDAG2180,EASTERN AND SOUTHERN AFRICA,KE,Kenya,Gulf Power Limited,Effective,,EUR,P122671,Private Sector Power Generation Project,0.00,0.00,7251300.00,0.00,0.00,0.00,0.00,0.00,0.00,0.00,0.00,7251300.00,,,03/14/2013,05/24/2012,05/27/2013,12/31/2016,
11/30/2022,IDAG2190,EASTERN AND SOUTHERN AFRICA,KE,Kenya,Gulf Power Limited,Effective,,USD,P122671,Private Sector Power Generation Project,0.00,0.00,35000000.00,0.00,0.00,0.00,0.00,0.00,0.00,0.00,0.00,35000000.00,,,03/14/2013,05/24/2012,05/27/2013,12/31/2016,
11/30/2022,IDAG2330,EASTERN AND SOUTHERN AFRICA,KE,Kenya,Kenya Power and Lighting Company,Effective,,USD,P145104,Kenya Electricity Modernization Project,200000000.00,85000000.00,115000000.00,0.00,0.00,0.00,0.00,0.00,0.00,0.00,0.00,115000000.00,,,06/02/2016,03/31/2015,06/15/2016,12/31/2022,
11/30/2022,IDAG2560,EASTERN AND SOUTHERN AFRICA,KE,Kenya,KENYA ELECTRICITY GENERATING COMPANY LMT,Terminated,,USD,P162422,KenGen Guarantee Project,0.00,180000000.00,0.00,0.00,0.00,0.00,0.00,0.00,0.00,0.00,0.00,0.00,,,,04/26/2018,,10/30/2022,
11/30/2022,IDAH0500,EASTERN AND SOUTHERN AFRICA,KE,Kenya,The National Treasury and Planning,Fully Disbursed,,XDR,P082378,KE-Free Primary Edu Supt (FY03),50000000.00,295943.84,0.00,52132357.27,0.00,0.00,0.00,0.00,0.00,0.00,0.00,0.00,,,06/26/2003,06/19/2003,07/18/2003,06/30/2007,02/05/2008
11/30/2022,IDAH0650,EASTERN AND SOUTHERN AFRICA,KE,Kenya,The National Treasury and Planning,Fully Disbursed,,XDR,P078209,KE-Dev Learning Centre LIL,2700000.00,168045.11,0.00,2856807.33,0.00,0.00,0.00,0.00,0.00,0.00,0.00,0.00,,,11/10/2003,10/17/2003,02/02/2004,12/31/2011,07/11/2012
11/30/2022,IDAH0980,EASTERN AND SOUTHERN AFRICA,KE,Kenya,The National Treasury and Planning,Fully Disbursed,,XDR,P082396,KE-Agricultural Productivity Prj (FY04),13000000.00,0.00,0.00,13596579.77,0.00,0.00,0.00,0.00,0.00,0.00,0.00,0.00,,,06/25/2004,06/17/2004,10/21/2004,12/31/2008,06/10/2009
11/30/2022,IDAH1000,EASTERN AND SOUTHERN AFRICA,KE,Kenya,The National Treasury and Planning,Fully Disbursed,,XDR,P049618,KE-Nairobi Wtr & Swg Inst Rst SIL (FY04),15000000.00,0.00,0.00,15431807.28,0.00,0.00,0.00,0.00,0.00,0.00,0.00,0.00,,,06/25/2004,06/17/2004,09/22/2004,12/31/2007,05/29/2008
11/30/2022,IDAN0150,EASTERN AND SOUTHERN AFRICA,KE,Kenya,The National Treasury and Planning,Repaying,0.75,XDR,P034180,Early Childhood Dev.,27800000.00,6579245.44,0.00,19853145.86,8977907.35,11235067.65,0.00,11235067.65,0.00,0.00,0.00,11235067.65,08/01/2007,02/01/2037,05/07/1997,04/08/1997,10/09/1997,06/30/2004,10/31/2005
